sample_number,tail_length,monkey_pop,ear
1,57.753944249872866,a,4.16537410185198
2,57.603096747871334,a,4.368954310159752
3,54.80395365869279,a,4.463956657368329
4,54.73918819279243,a,4.61093150472571
5,51.40693136025648,a,4.429030407116017
6,58.44114699682317,a,4.055078045260009
7,58.87824204601802,a,4.308036080328296
8,56.54124450658506,a,4.508959439678607
9,60.51826269392694,a,4.532501189294975
10,57.234733573605695,a,4.441559571447836
11,55.29375435542598,a,4.0579273473199535
12,58.81851836323643,a,4.234472884943863
13,59.39274591910551,a,4.6084269146324175
14,56.2568321925173,a,4.295352618121892
15,56.75347953342513,a,4.088198649781942
16,60.6000862334509,a,4.387710365550709
17,60.407991754588636,a,4.545670253263955
18,50.92247078940481,a,4.536424738244077
19,52.42205010016244,a,4.252696790817605
20,57.11660698998585,a,4.263796598219299
21,61.348730503912684,a,4.545547467183004
22,59.19636530704262,a,4.699694690044505
23,57.63644064478171,a,4.28517626028565
24,56.853704883672464,a,4.52421036531198
25,58.66853748255765,a,4.181589498572302
26,57.39750127346686,a,4.3635099291530155
27,59.595682768652615,a,4.481529078189116
28,58.8734366124827,a,4.3873490728314355
29,56.70513361233341,a,4.212161123696072
30,57.220863989280254,a,4.502633033135088
31,55.37499067219899,a,4.327506978333089
32,55.5125956644625,a,3.993493195079402
33,59.19069014361482,a,4.426489294048779
34,61.8707474151019,a,4.299380619510091
35,57.77623693353416,a,4.660859353564569
36,57.58125534059025,a,4.068099863773442
37,56.42880342583213,a,4.206995264756695
38,57.152029435674734,a,4.177627553862161
39,55.87940279248075,a,4.140820725467955
40,57.894376744286724,a,3.8566871520671397
41,58.817002268999886,a,4.230009533634372
42,55.989880804583315,a,4.022865693385899
43,56.39799197568539,a,4.427416640119714
44,55.547928046903735,a,4.679361616703656
45,54.639845946009984,a,4.365910529034409
46,57.50614942527423,a,4.108289053969069
47,56.2585774062319,a,4.447127301145053
48,57.04435912752033,a,4.008000207672581
49,58.320088244859534,a,4.57840364873246
50,57.97758727067104,a,4.249503819688167
51,56.62242016692963,a,4.307465417021447
52,58.20271904215894,a,4.650375047840719
53,55.652479894403115,a,4.691267395846108
54,57.95210048117914,a,4.494171610344898
55,57.23750645520298,a,4.228877472056981
56,57.24245256579445,a,4.753296632133863
57,56.62790641132329,a,4.584161705686318
58,54.34345762274591,a,4.638044178554418
59,55.86615409822654,a,4.491612191075486
60,58.15766786583096,a,4.410899281825238
61,60.81807446283694,a,4.412531088915757
62,57.50151408534447,a,4.350778429010928
63,53.80336988298185,a,4.154790130035826
64,63.403263494266966,a,4.625457074500845
65,58.91047075092824,a,3.9847174299206376
66,57.73728923208456,a,4.210763015933151
67,58.84583813500701,a,4.802278178458196
68,56.58895730857933,a,4.541794019480795
69,57.18593340109433,a,4.503929752995552
70,57.33652436046636,a,3.9607229774507955
71,58.59167825057551,a,4.326922577849652
72,60.29201121442187,a,4.10988180988597
73,53.566151367299504,a,4.343259512278818
74,56.36331378811142,a,4.3007200907623355
75,55.191720056026185,a,4.563685275416891
76,55.59201440666443,a,4.578428387529797
77,53.44380107632151,a,4.536031714902774
78,55.555489674750056,a,4.6576471890888715
79,57.09230841910767,a,4.536174052601107
80,57.487316041375166,a,4.326015735692616
81,58.256662611564565,a,4.096421405328368
82,56.95072283544076,a,4.496069425107512
83,61.628306618156955,a,4.581931959333383
84,57.354420514520214,a,4.446876465498499
85,54.95117046650644,a,4.191746670865369
86,61.54936260253418,a,3.9673050264242713
87,53.221886670160515,a,4.1015165503973465
88,59.18790320206134,a,4.4508029412850965
89,60.69233405464397,a,4.27020239505934
90,58.04206534704004,a,4.40467420147674
91,53.93407578470816,a,4.419819795304523
92,53.12127006144316,a,4.546982207062347
93,57.97383307620951,a,4.3183955308271305
94,59.490473381316534,a,4.070194554371789
95,56.56545314733057,a,4.58382387796816
96,55.44081377099741,a,4.342223998898399
97,57.69774899941492,a,4.843708898843189
98,58.36344850003173,a,4.015804949891508
99,55.937077225236656,a,4.62125840829198
100,55.64521315705325,a,4.2490698806312395
101,53.542432118780425,a,4.213052489087172
102,55.017478016820874,a,4.0869862983998555
103,55.82898887659653,a,4.194766809375547
104,57.76704349598528,a,4.480951156037442
105,58.49332983936631,a,4.406239295732909
106,55.14315817648401,a,4.779451563812054
107,56.32364740668635,a,4.299637376128372
108,60.09022803035801,a,4.950715613864063
109,57.53301775566431,a,4.525881216760481
110,57.59906786485523,a,4.295442700795667
111,56.35439596089937,a,4.632217105268763
112,59.870694866209384,a,4.6117207022417
113,59.01305440766614,a,4.60272961320537
114,53.56117272756265,a,4.363501876873273
115,57.597840923439975,a,4.092855944360128
116,55.35054872802134,a,4.42080320303001
117,54.60082033447242,a,4.6098568552725085
118,54.44722576539797,a,4.413706524519129
119,56.753643866619434,a,4.952101324022774
120,61.331884397424,a,4.3725260209532495
121,56.37543405019663,a,4.231643135604288
122,57.73487845018769,a,4.332055414156002
123,59.538878521030554,a,4.309268263296421
124,52.47029232170391,a,4.146164892217955
125,54.420300180883764,a,4.547572606657194
126,57.37577187627009,a,4.3180069330726365
127,58.50328571041757,a,4.46505241624502
128,60.569362671573764,a,4.551706552826979
129,60.016543472445065,a,4.701208541733299
130,55.0936765829121,a,4.225188899761909
131,57.206845480738075,a,4.305659528732096
132,55.788879004352964,a,4.143864351962409
133,56.804798748992596,a,4.406696849444217
134,56.75310378637977,a,4.836593651579192
135,54.91064096626212,a,4.64406864647534
136,56.850259319483555,a,4.4088502386413095
137,60.520270665999234,a,4.591803052377611
138,54.13576082679568,a,4.498129350140592
139,62.32440205652087,a,4.448492883997522
140,54.417616935038794,a,3.9003510385248394
141,57.030203548722284,a,4.309964284846225
142,56.92063885659495,a,4.37331517838495
143,61.38288064524666,a,4.273605468715783
144,53.04712490078765,a,4.740872282030622
145,57.92733132998346,a,4.03232595144812
146,56.47557568607297,a,4.375608926045475
147,54.72857098781659,a,4.009963650784021
148,57.42259896252584,a,4.4819502306632835
149,57.198855855629944,a,4.45891517242832
150,50.88663269528097,a,4.087793788266548
151,56.3057266928639,a,4.388686166069858
152,53.106747683463674,a,4.557343993926757
153,56.56784670744827,a,4.509841531988394
154,54.10160704298864,a,4.524733035212565
155,57.69086812147678,a,4.039436980675576
156,57.3764047873331,a,4.418247041699362
157,54.744294434072074,a,4.2737261893005
158,57.10090068602087,a,4.255029114588675
159,55.63460181670306,a,4.367226037423469
160,58.29610763400284,a,3.9694079287301904
161,58.22072897315145,a,4.2253206834129715
162,55.974686133248355,a,4.267724160567965
163,58.508811781370966,a,4.379095183892284
164,57.376209944736246,a,4.708611986181736
165,53.143428737900976,a,4.163477388272544
166,59.47164272037778,a,4.237417863920613
167,57.656554626840474,a,4.444237117557779
168,55.29017102149891,a,4.445149063822047
169,53.20862356716353,a,4.338009546044641
170,58.69338482996321,a,4.421257084705932
171,59.488050214080204,a,4.764346776905985
172,57.472519913916486,a,4.3623324573332285
173,55.478612921394316,a,4.7401080713046735
174,58.544441914587566,a,4.662960094917951
175,58.32311350724173,a,4.35079633041407
176,53.81253326529445,a,4.489393769483242
177,52.61930617035259,a,4.49261157743661
178,54.64649208806554,a,4.407863156426123
179,59.10001025548251,a,4.185986357547675
180,56.98859384252857,a,4.589360466361098
181,56.44797534577072,a,4.412288420005588
182,58.697042584772674,a,4.355940764077067
183,54.90213068401002,a,4.293855706986762
184,53.532827325815994,a,4.2710278062212605
185,61.82827817360641,a,4.7634131814196605
186,56.60871646643572,a,5.0303020106891605
187,58.85357391205456,a,4.50446759637914
188,55.57307273543003,a,4.239555758432438
189,54.40051657011559,a,4.240291518061223
190,58.76859280738646,a,4.740086376580287
191,59.40128304146452,a,4.3312494715053464
192,54.65932044705195,a,4.219172865349704
193,58.52294377095426,a,4.179623478151297
194,58.74018047619973,a,4.356747190775674
195,55.545514579254906,a,4.075819614879114
196,58.25324145779499,a,4.51923111465942
197,54.817114543816764,a,4.415109663203457
198,55.96781094732099,a,4.278910565383569
199,57.0338679268128,a,4.369332913493598
200,58.32198137776221,a,4.380584873488709
201,55.5409337617367,a,4.533875638880192
202,58.70275478064771,a,4.457528475105572
203,56.207016827501,a,4.438590485211984
204,57.81335715410068,a,4.1107331959230455
205,54.92289311733337,a,4.42199718109404
206,54.48823740361436,a,4.394404400176897
207,59.31404344241365,a,4.2652936240576835
208,59.07735300150685,a,4.44335161577148
209,56.809523299579645,a,4.366906738628227
210,54.803412865151735,a,4.573482754460648
211,58.12070849395087,a,4.438307146857558
212,56.49394234800118,a,4.324163186474157
213,61.41419989803867,a,4.5178862343976665
214,55.51391417650684,a,4.398809766320276
215,57.89271896554363,a,3.916858039692126
216,57.211390916733365,a,4.1901324184519275
217,54.959737539128334,a,3.9168753315022107
218,58.847918966600716,a,4.493299655662672
219,54.78830155943782,a,4.617602210748336
220,55.91251246548033,a,4.286497624760813
221,58.12865687693345,a,4.365918974238185
222,54.199875328174656,a,4.172360327422301
223,56.719485545441934,a,4.204531304956678
224,56.7114413588682,a,4.393559470541886
225,55.46395007827656,a,4.6920658627497245
226,58.276495786949326,a,4.116737351496693
227,59.23743720691439,a,4.223192904945547
228,57.89171833370074,a,3.9996793537113997
229,53.18368164093927,a,4.5101463038607115
230,56.97204783150968,a,4.42763712893395
231,58.01263291102318,a,4.335446114072895
232,57.90071181609116,a,4.550003443262906
233,53.67495178128309,a,4.283474872240621
234,60.33962869891123,a,4.370216318076657
235,51.787175966836436,a,4.1105317325298
236,58.59513948854238,a,4.319246500441982
237,57.97338284988021,a,4.134024266928752
238,58.358704539800385,a,4.062284333860083
239,57.276733243065,a,4.872943088086975
240,60.389959879581426,a,4.212238526890568
241,57.08888689446725,a,4.078999630390748
242,57.06372155952313,a,4.619952713663082
243,62.072888604090544,a,4.410346178632907
244,60.191963267904796,a,4.398678749986633
245,57.2650269399361,a,4.469476426463684
246,56.49902380294151,a,4.552859220174616
247,52.98426189151197,a,4.312205414380972
248,59.934221017984356,a,4.603076853409061
249,56.34377606498941,a,4.297522779536522
250,55.41093631496607,a,4.245973875397486
251,56.99606681670728,a,4.503997015575964
252,55.788171852271226,a,3.8065594721804215
253,60.08663481514053,a,4.389326292474677
254,54.73953366206261,a,4.346213205219967
255,54.46203730184205,a,4.258532351735741
256,55.57002938635568,a,4.7182345842094815
257,59.487996146776425,a,4.806259732307183
258,57.3052532151407,a,4.4990505956234745
259,57.95773031273259,a,4.459915446238047
260,58.57240119389826,a,4.2020075956165925
261,54.971163359996496,a,4.649312050840989
262,53.681082515012704,a,4.364687575711628
263,56.608097013990175,a,4.36518076786185
264,58.1211146801424,a,4.249673837515143
265,56.68044715698682,a,4.210438992851935
266,54.282667406394125,a,4.431548714707508
267,53.993099970625806,a,4.209428756535517
268,56.80544449248223,a,4.95344975852577
269,58.934522543523386,a,4.316774051990813
270,56.397289905074224,a,4.343651277346562
271,52.169563989729596,a,4.457103446372054
272,54.54848891660558,a,3.99505559310643
273,55.75016860761329,a,4.775302764454409
274,55.04871304597007,a,4.550338208106018
275,52.22657366694999,a,4.651059777840994
276,61.46717722678634,a,4.331265528857475
277,58.78368903759879,a,4.502421606933514
278,57.4383642865851,a,4.331426519583135
279,55.31051328139375,a,4.227601242590838
280,54.277321225708334,a,4.3017629408487865
281,57.29572276917566,a,5.019815091046115
282,51.44670482023588,a,4.0186287330701385
283,58.515597024946295,a,4.190199559094196
284,55.369857755175715,a,4.301449404982665
285,59.100464024162484,a,4.525032125186563
286,56.21493518075702,a,4.385910502241226
287,57.021107063302026,a,4.335919637182506
288,58.96508532243044,a,4.297154517823807
289,58.76410398819775,a,4.160557206103231
290,52.7389975637682,a,4.315879043492301
291,50.77656930127093,a,4.418159617875453
292,55.76650210718195,a,4.544295346827414
293,59.516997772254484,a,4.494720460205819
294,56.545320230501616,a,4.2162627198868865
295,57.64853963185301,a,4.373671640929673
296,55.617778919755,a,4.322946665773136
297,55.95697345931986,a,4.413341058057028
298,60.6439670238456,a,4.704049663872743
299,55.0998355319819,a,4.542048920230429
300,55.85209884276816,a,4.781490462597811
301,58.8333518822377,a,4.47554923425224
302,56.54620164777761,a,4.473594924524627
303,59.364405967365435,a,4.4888617563710875
304,60.042974204259096,a,4.634520441718687
305,59.875954515025974,a,4.254181690626275
306,61.654603018375504,a,4.344128345542144
307,61.43576130537021,a,4.371925371205591
308,58.69640579080718,a,4.362263495325398
309,57.20607547528433,a,4.350377323131016
310,56.64058139040903,a,3.915763239448572
311,57.13090898343695,a,4.126297103940289
312,57.06292817054989,a,4.066634002704416
313,57.465199767315085,a,4.236131578216708
314,57.84165477254117,a,4.041117223623491
315,56.871820359259885,a,4.867931853955916
316,56.110391029877256,a,4.64475758683428
317,56.54509714169038,a,4.314883615697969
318,54.57633391291617,a,4.109528434921438
319,55.99177906929725,a,4.413532284571402
320,58.01308388123538,a,4.4382507497788355
321,57.25925213960037,a,4.050601789295518
322,55.98251145297524,a,4.413345414638812
323,56.419118066604206,a,4.3160603885355036
324,58.609992760639955,a,4.486477448629193
325,58.396469133865445,a,4.550630795133633
326,57.08772396547485,a,4.400657786959063
327,52.98076333746907,a,4.300322290931206
328,57.21717520774682,a,4.7083071951067925
329,58.80430528832759,a,4.278024817897863
330,60.44519180601912,a,4.394624420628175
331,56.346510261289055,a,4.511879791173374
332,58.61948846444103,a,4.051454159918176
333,56.04807400278377,a,4.082828916289729
334,54.07584244007754,a,4.312344987154135
335,52.86059160631718,a,4.321880970682518
336,60.683416113658396,a,4.356497551649442
337,57.084431195615345,a,4.76646101270537
338,55.0495820947239,a,4.05901173130323
339,56.15477580463038,a,4.054350914291148
340,55.98947619784613,a,4.074549524892921
341,54.34275329519699,a,4.590567204806282
342,55.4937509496195,a,4.08128783525314
343,54.933460172310475,a,4.698287204979063
344,57.21188567969732,a,4.150186155778354
345,58.44617880255743,a,4.642277985402685
346,54.786745790329476,a,4.576359506548536
347,57.45221191153344,a,4.068466372997156
348,56.68458661161726,a,4.296766059308327
349,57.28615568715251,a,4.6223776417901075
350,55.709382243978055,a,4.5752934242245225
351,55.25309564957368,a,3.8486100292650467
352,56.69186276830154,a,4.378980046437906
353,58.13222146635585,a,4.539479938389063
354,56.13890409071496,a,4.333289931436779
355,56.37038048765752,a,4.694556342068255
356,56.78361947069182,a,4.185656426446732
357,55.64471911562503,a,4.082808002228465
358,52.909471754449584,a,4.0630965465791515
359,60.30300262545441,a,4.360503754515472
360,55.69835303456514,a,4.134149396571367
361,59.21241958111229,a,4.216448464446434
362,51.888336518602,a,4.462533970784496
363,54.54358368794465,a,4.327669921746841
364,56.75651419886828,a,4.541733737916526
365,58.36024450699173,a,4.446574968017798
366,56.860162915509086,a,4.2433466320372615
367,62.20389082257876,a,4.701562145311478
368,56.705313808723716,a,4.270842113994596
369,58.01757402359405,a,4.291760842092535
370,53.16251055276891,a,4.60412044206909
371,59.01249649598765,a,4.576140316625601
372,56.18317318602526,a,3.9792204813801577
373,57.384688985120206,a,4.6014834768268456
374,57.767064478831585,a,4.895704183334033
375,56.94426554907409,a,4.45696698770533
376,57.93755528108189,a,4.406238458588629
377,61.135076795831644,a,4.429699691739618
378,55.71344405159898,a,4.419838263851921
379,55.06025139057742,a,3.975020985051088
380,54.82190793387303,a,4.0935028919844845
381,60.79313671483615,a,4.181139581522776
382,56.7333604173435,a,4.737395488319724
383,55.72507041446241,a,4.4401630946852055
384,59.28377696810338,a,4.512162781632977
385,54.76830320489982,a,4.5870686863403956
386,58.1444748248629,a,4.562907973029585
387,53.81640015353978,a,4.290690162069148
388,54.5353591212502,a,4.526424445862001
389,59.37177422139511,a,4.3075332337029275
390,55.756936151259296,a,4.2678111576639175
391,58.271043785522956,a,4.540451060004771
392,57.890312958522046,a,4.42291767765799
393,57.0363950808466,a,4.459923188973914
394,56.51230598309071,a,3.8926777546727234
395,56.48763949313851,a,4.1849980940258344
396,58.91700045908307,a,4.565224083284146
397,60.55786372352532,a,4.326410190725089
398,55.54633694383329,a,4.006488857669095
399,56.57395580882246,a,4.40467469315046
400,54.77978695521663,a,4.145771514391225
401,53.1101299680849,a,4.876670002822524
402,57.650945405818845,a,4.036494892083925
403,59.09279804809594,a,4.656918051551733
404,56.25640177070177,a,4.40930799772983
405,56.49130553671138,a,4.423293598388909
406,56.44273773616791,a,4.250357528065681
407,57.37034689453889,a,4.335534751783343
408,52.46399642170936,a,4.640115973825553
409,55.58854016608892,a,4.0072670075305314
410,56.594618308641536,a,4.291088436195699
411,56.24513728261403,a,4.311470827261309
412,57.584725087332785,a,4.3669380465510415
413,56.31980820623763,a,4.195388675838284
414,57.625364673666226,a,4.6236179223505856
415,56.63369944841431,a,4.52771272855257
416,56.762610413679916,a,4.139548122396957
417,59.16742725251923,a,4.481382819202722
418,55.70074191383287,a,4.175191508689544
419,54.27666817296651,a,4.315000043983152
420,56.44395686568457,a,4.097702666046042
421,58.835704705093335,a,4.7790471649742425
422,53.237367939227916,a,4.5984886787684776
423,57.168640081344186,a,4.216792561286991
424,57.08426412805285,a,4.15159453394477
425,57.738743387625995,a,4.1494012247226175
426,56.434908077589924,a,4.413727516117343
427,54.62929876609588,a,4.25201444846096
428,57.003818556735,a,4.354573905527535
429,56.41815453781507,a,4.443874537909615
430,55.89004694043239,a,4.168962377992828
431,58.07744488160619,a,4.425482273718708
432,55.784938003775515,a,4.459557930054079
433,58.65907772225631,a,4.379791383086881
434,54.942790525759094,a,4.896852646380636
435,59.01960977714887,a,4.065657655866342
436,57.655314923787635,a,4.324350015878183
437,56.66547799988513,a,4.39190274852942
438,57.32260269310551,a,4.449132810538932
439,55.25960781735667,a,4.382602859519369
440,56.32272767217367,a,4.412186255801442
441,55.60284836867468,a,4.637732839222043
442,57.0866281954114,a,4.102216086908822
443,53.69779583617337,a,4.87770575955336
444,60.107435024665044,a,4.607699929644941
445,58.254896553737815,a,4.461530540594796
446,56.423595069431826,a,4.3405336492352005
447,55.76153723438819,a,4.244459861276034
448,54.90107858508472,a,4.5192432344206805
449,59.92193764349639,a,4.362107422407285
450,55.94790996405636,a,4.400095671641413
451,55.79247249497627,a,4.797624549352507
452,58.90687647107111,a,4.5970284280305505
453,56.34637866882999,a,4.197179125773498
454,56.650143512892726,a,4.408993997532696
455,56.87932212457346,a,4.064704213630812
456,56.40165922216904,a,3.98385093025367
457,57.13256574846363,a,4.0527939310958025
458,55.423151245107945,a,4.5577695971114345
459,56.92900544815818,a,4.3045919964178445
460,56.97858168671881,a,4.4659279490336745
461,59.67274499090861,a,4.317739232792569
462,57.420930798065434,a,4.651078428947447
463,57.618301844682826,a,4.429564654534456
464,59.52297800755583,a,4.451982712173636
465,55.91964560401463,a,4.258009092731637
466,59.46071452140217,a,4.456945105448731
467,58.092511585356874,a,4.480218951316487
468,53.733856799029475,a,4.4328783772274285
469,55.88494901514078,a,4.603501702055693
470,56.28193594315465,a,4.380746092474647
471,56.7383915095772,a,4.517407891284086
472,53.350561084695265,a,4.469249943040136
473,56.474470280812724,a,4.593934266506314
474,55.99624958392562,a,3.8173068027745094
475,57.65757585032307,a,4.19420304838853
476,55.37091707264141,a,4.620120934009933
477,56.773120349270684,a,4.216460478463374
478,53.184072239922095,a,3.881517345110797
479,60.132902290422294,a,4.720434882554906
480,57.41736608008455,a,4.191783137477088
481,55.11077296225795,a,4.539985266768876
482,58.376106151142665,a,4.519455631363975
483,56.65522151483693,a,4.119739497871088
484,56.64082118369531,a,4.5033967546312015
485,56.5451585663216,a,4.533498356161487
486,58.32343515393747,a,4.617416004117929
487,59.82011326854632,a,4.165407679373614
488,56.89950512193827,a,4.5829216213575705
489,54.06406187562189,a,4.523776875837548
490,56.759296964719304,a,4.336688280890188
491,55.12309610154869,a,4.309293538440671
492,60.082436175940856,a,4.305518053488578
493,56.09014101248881,a,4.498028857736418
494,57.77396689833847,a,4.389082109118812
495,53.878993273311835,a,4.511019449912779
496,56.97539267231059,a,4.453569321882883
497,56.27884572455931,a,4.545246341169122
498,55.400488029869976,a,4.548755109360582
499,56.993512384865895,a,4.727716599047298
500,61.590764623686624,a,4.240351647948732
501,54.41357522735157,b,6.429990814719537
502,51.95580444945542,b,5.97786312711499
503,54.3812024817922,b,6.602666016586288
504,52.21374382382291,b,6.414885426219603
505,55.08211494287542,b,6.2132028978752665
506,50.24378910802999,b,6.5755635077219985
507,51.15855056367624,b,6.6015879902164665
508,46.67508480069391,b,6.6595290016970825
509,48.735390890881064,b,6.4683219921560156
510,54.013972360930985,b,6.52572165631434
511,48.076831099329326,b,6.6315282989128415
512,54.890835589210155,b,5.77537630130443
513,52.09647510976321,b,5.870722468579013
514,53.15729406565906,b,6.201572096277445
515,50.60567307652339,b,6.56221584257971
516,51.51938892220533,b,6.1462028089265175
517,51.750731109376964,b,5.800305945500539
518,52.178966731185334,b,6.136356171521755
519,52.055363382597925,b,6.814582674422919
520,51.89046799079323,b,6.506901449880198
521,52.20011006063642,b,6.793047084931029
522,53.029619606301594,b,6.255477162992101
523,51.02164693486767,b,6.17860206149227
524,51.7327833481131,b,6.289791155961947
525,50.24687252300007,b,6.64675705416011
526,49.349769678571256,b,6.436865256035871
527,49.051829718617874,b,6.143729884510301
528,52.82113342985017,b,6.827232858977192
529,53.60672004924593,b,6.282123934545171
530,52.53124822220313,b,6.403403284628599
531,55.262659434254566,b,5.573362977101105
532,54.44121135504504,b,5.8750681323246505
533,53.426494803625125,b,6.346800406283888
534,53.07101445244042,b,6.14313950339909
535,51.37098654990965,b,6.019650636820335
536,48.59677103711222,b,6.4010462642001045
537,51.88420031607683,b,6.140051499615764
538,51.14315641900507,b,6.180333553626529
539,50.845019312778895,b,6.369263065778121
540,51.46293321640967,b,6.2136193293825555
541,50.7666585793673,b,6.200255361658179
542,50.39086509425613,b,6.847623564655778
543,52.64609913218513,b,6.1221708615150146
544,51.701927079711695,b,6.6380327082869
545,56.43050531010568,b,6.288595048323506
546,50.31255552925298,b,5.984143720422961
547,51.17322612395709,b,6.99781010527952
548,51.76258320178905,b,5.982342059479468
549,53.81766607425075,b,6.238310135078371
550,51.88567956354844,b,5.534901627838448
551,53.35082141712651,b,6.170636924206636
552,50.64646258685019,b,5.904206837408841
553,51.42576900118705,b,5.838789797750298
554,49.48858532551608,b,6.00291285144935
555,53.179651485090524,b,5.930938833574843
556,51.13290334029505,b,6.4024607771766835
557,55.32400792446601,b,6.1904721901368
558,54.013770697348974,b,5.86130901110717
559,51.603836149299184,b,6.172679718234949
560,52.358074152377796,b,5.809144879697726
561,49.149027119060506,b,6.342215826248894
562,49.55992388915776,b,5.891629300402215
563,50.782586066778855,b,6.200027783755979
564,52.20164310660702,b,6.288697362762179
565,53.05994785917585,b,5.795016579272667
566,55.09859700705562,b,6.330838573824402
567,51.75309472156704,b,6.5735699852571745
568,53.18747412659257,b,5.976466300278206
569,56.880184476963954,b,6.347490116485155
570,50.3869167272101,b,6.021229517178216
571,51.011195171790646,b,6.44340471308563
572,53.219352770880455,b,6.122329247710134
573,52.7908467395365,b,6.426634664359124
574,53.83099714650041,b,5.957388145087373
575,49.39351498953916,b,6.373335020258236
576,48.734601978450264,b,6.360901454824976
577,56.90185399290001,b,6.347652360662817
578,52.91642533620406,b,6.344066326865934
579,49.42433868419512,b,5.979882463967209
580,48.95987383934062,b,5.7900386772684485
581,50.669232952974795,b,6.438333199428845
582,55.845980071868226,b,6.380377617550239
583,51.94579080780247,b,6.120164078155219
584,51.49140953495392,b,5.8843652728982185
585,53.04354181920168,b,6.422456552273504
586,49.873953403377676,b,5.7010982650729
587,52.82458066310341,b,6.09035980480051
588,53.0327753926874,b,6.325847663353892
589,51.24956639743627,b,6.608802719694163
590,51.34676656665963,b,6.594653099049855
591,47.93155630770677,b,6.51514191952827
592,51.29495564087535,b,6.417578482930244
593,54.42532188303736,b,5.831117465588913
594,52.69487837082302,b,5.940317202745411
595,52.42878478900698,b,6.470326619257851
596,51.95598432764193,b,6.023257411264988
597,51.02743558970737,b,6.271790399524785
598,48.866683690003626,b,7.117117750913191
599,53.86892315699718,b,5.591642490423204
600,54.63024478692433,b,6.4254376073889645
601,52.47632770066898,b,5.772143264030843
602,56.40970230422028,b,6.6319815434966
603,52.47850515890348,b,6.2736854517367915
604,49.288677599408,b,6.1192065244679785
605,52.6845951367713,b,6.582243370035286
606,53.97263240204157,b,5.698988273814518
607,50.91420282582377,b,6.039067856861492
608,53.32946952814169,b,5.942352854545975
609,51.6609091352343,b,6.5161850579537415
610,52.053685225290074,b,6.66734363487585
611,52.97569679129736,b,6.589149579372451
612,52.661012516446476,b,5.966338787185304
613,49.828578452981944,b,6.124062013456144
614,55.84568764768044,b,6.509089801278393
615,50.31263227053656,b,6.610490898370683
616,53.680159201266406,b,6.586196544197477
617,52.89738017557783,b,6.168975404214091
618,55.095960800470984,b,6.319997064065168
619,51.69772499389326,b,6.155163741055623
620,52.89149593119089,b,6.525653993177267
621,55.6144873037602,b,5.551580897565468
622,50.3040262819214,b,6.48188992269671
623,52.24453861487527,b,5.935099236465351
624,53.7511571369131,b,6.9654068313374
625,49.77541399495506,b,5.936495914277111
626,53.60277138738413,b,6.405386842704477
627,52.13605176516251,b,6.2206347527478165
628,48.427905933313504,b,6.071965277043366
629,52.935814763068514,b,7.079301881894643
630,51.850086674352795,b,5.625858581180822
631,52.51951972320628,b,6.4761221867564185
632,51.00622922315494,b,6.63447051081168
633,48.61694670469494,b,6.424587268995124
634,54.14209411082371,b,6.529985070706241
635,51.48184409655779,b,6.021483906413034
636,51.30699103319441,b,6.993142262190126
637,47.76685140068125,b,6.276141628477379
638,49.75369071190575,b,6.140815518801095
639,52.52339384483412,b,6.249216319546358
640,49.65942378255375,b,6.546427772495177
641,53.04575303121918,b,5.503506941465697
642,54.23556551495434,b,5.803436157526489
643,51.56965272261957,b,6.176304699186287
644,50.90202834759702,b,6.229999562819325
645,52.760330806407914,b,6.351709041348641
646,51.32576606216699,b,6.655970795261374
647,54.585816964398845,b,6.052519130000465
648,56.99548420854778,b,5.873184840455508
649,53.63638434798138,b,6.425242689005921
650,51.9617841245523,b,6.19108027463981
651,48.94105106139431,b,6.228818036645493
652,51.31999328451122,b,6.562263740879075
653,49.23806554463684,b,6.080268026068579
654,55.54282341788661,b,5.841448911174416
655,51.632746423708824,b,5.7727446539072105
656,53.34286616894746,b,6.764151484422691
657,49.95357754015072,b,6.46005463950637
658,51.21064976063995,b,5.931847081100602
659,48.738791360606086,b,6.295334423667362
660,51.33073664473722,b,6.609666298256296
661,50.535516827259755,b,6.8190392699291635
662,50.267109984959134,b,6.001169944185601
663,52.63680613701518,b,6.280060005829314
664,47.47031062665009,b,6.285653104776743
665,52.86005416368656,b,5.975306531397109
666,48.81696531617127,b,6.0437010762395165
667,52.96675104156139,b,6.471389995901236
668,50.598340229206485,b,6.512550145754233
669,52.59283727769694,b,6.287081968105286
670,52.396666942700655,b,6.056656113090931
671,51.80564490032103,b,5.900525603202414
672,49.363913877326894,b,6.388798388703033
673,52.87617589554024,b,5.777015726946736
674,49.45223080117442,b,6.348162655291437
675,51.687213283427845,b,6.1724218237953465
676,55.698813558405085,b,6.543957602593222
677,54.18936471699846,b,6.654693671648683
678,50.48859294044345,b,6.063251512862729
679,50.61901267158964,b,6.459796923243776
680,54.91899828083998,b,6.563614206490257
681,48.41306387500109,b,6.172023653536141
682,51.83368648636802,b,6.134173317286833
683,51.60586756793177,b,6.340492327765503
684,51.761259831603695,b,6.181482653591013
685,49.34955799620906,b,6.306296781208984
686,51.481594213971604,b,6.465638976671558
687,52.3322314354269,b,6.517241956819321
688,53.99008305105086,b,6.418893223970706
689,53.50784829519988,b,6.393808869586818
690,51.57534256989928,b,6.035129523349923
691,50.252741086056766,b,6.036004233527317
692,49.56314998320486,b,6.314773076261556
693,49.476003365641056,b,5.470218056093134
694,53.48856595522812,b,6.9662270643622035
695,53.20284907715216,b,6.458595458065311
696,49.252993028638585,b,6.355841034852193
697,54.64834338543637,b,5.8558629209983675
698,51.90311494058658,b,6.033402120914337
699,48.642582957398375,b,6.2854337626341295
700,51.53111938302549,b,6.325554374856029
701,52.333252113034,b,7.101309234500945
702,52.29271049513472,b,5.801432055694295
703,51.21667393454938,b,6.783476664025415
704,51.1215411795116,b,6.018768711871569
705,53.420697160865295,b,6.380892229350341
706,51.39437432744511,b,6.177910662736701
707,50.839361504525826,b,5.965662863602245
708,53.948510314982556,b,6.386666912626982
709,53.909496302104,b,6.808399006653277
710,49.67521320995104,b,6.181032084880509
711,56.59878260321252,b,6.773159254082997
712,50.662392403172475,b,5.613049903078911
713,49.920551794568176,b,6.303602088454289
714,52.291255703366076,b,5.94231368478118
715,59.40579437873898,b,6.14697520885621
716,55.19437246384885,b,6.79333022780274
717,52.26975135486809,b,5.820546386594062
718,54.36403090949795,b,6.824943394830769
719,53.24224090091847,b,6.837940494520275
720,53.469491569197736,b,6.186562223415255
721,56.348770251755845,b,6.5309544518893565
722,51.21414713846375,b,6.346781275747952
723,55.30839028162809,b,6.332114231146067
724,50.938223393743165,b,6.5587686206019145
725,52.50989044716123,b,6.398975711943632
726,53.08251241209341,b,6.58721475365471
727,50.13481323427587,b,6.215889711628947
728,50.92157363847874,b,5.8256943659345515
729,52.01694272536335,b,6.251768970891402
730,53.34354099865322,b,6.247698748828813
731,55.25083461745494,b,6.4828284219635455
732,51.296506652800915,b,6.794742357294151
733,51.803966176822584,b,6.432689017240432
734,50.92674428137913,b,6.071808653273501
735,50.39130795638688,b,6.131154830764697
736,50.095517703985465,b,6.555571377491729
737,54.95566780264076,b,6.238283464234702
738,49.15210161579455,b,6.522980711982175
739,51.14339162996844,b,6.3456109640989515
740,48.74120017172772,b,6.461211533314358
741,55.03054404699919,b,6.272984933892608
742,50.869740137067005,b,6.22320953979498
743,52.63379633354716,b,6.951201892202004
744,52.82645658648366,b,6.492435279900053
745,54.968578594233385,b,6.428610212337032
746,51.62450961884032,b,6.837193069033794
747,52.53080200297557,b,6.03196776604479
748,52.68468049296228,b,6.06523844141911
749,51.87825959304472,b,5.346099455756008
750,50.15452927093556,b,6.488317853907401
751,56.80474469156091,b,6.381529753609561
752,52.87566612957147,b,6.235402196560828
753,48.189894238298955,b,6.08114097792369
754,49.8094298484456,b,6.317586268835097
755,50.200293141878845,b,6.189588945398626
756,52.791267815907226,b,6.580884083087441
757,50.40774009728477,b,5.968956842115158
758,54.00889034390365,b,6.314779283085158
759,51.17679876124681,b,5.730955324523548
760,55.42600203954943,b,6.584240639424203
761,53.64906466654487,b,6.2776543490020185
762,53.63372073044692,b,6.2012393368501115
763,54.334242453004045,b,6.227045496167471
764,54.298343680264765,b,6.222396683331638
765,54.65382504781356,b,6.54792652055947
766,50.55970292380792,b,6.4065356350957385
767,53.27895168883868,b,6.4833335002817165
768,50.48387375910969,b,6.017954720177779
769,45.66775006504241,b,6.302277765821676
770,48.36102990583442,b,6.355018765614949
771,53.58442701832658,b,6.083868823722738
772,51.758029669522045,b,6.365790717225597
773,54.38954351437934,b,6.162712504714317
774,53.64835613149076,b,6.667375059110195
775,53.905423221814374,b,5.929305421064435
776,50.69770496215148,b,6.393836872348608
777,51.8562981802586,b,5.9985819497991795
778,54.10610598574172,b,6.7296306263909225
779,49.7423110251974,b,6.279744774717566
780,52.08168861400871,b,6.348929205311462
781,50.897227319628755,b,6.287332903592825
782,50.384654085824835,b,6.293013003173388
783,51.32032608559885,b,6.403994443510481
784,52.91820934290285,b,6.119218132010921
785,47.451006061420685,b,6.443490155464258
786,50.36894668836575,b,5.797933442451229
787,52.72957315808391,b,6.392757128754003
788,51.91027168681027,b,6.1937049680896745
789,53.46423790168908,b,6.217917136155633
790,52.41756403114376,b,6.1278140606294045
791,51.260124410686466,b,5.701478619669144
792,53.83634597132919,b,6.42649509992038
793,50.334572566984775,b,6.192145583514512
794,52.606800230921955,b,6.015863516509189
795,55.75775820830717,b,7.053706162674301
796,51.264267463024865,b,6.447360787032508
797,49.41462276897331,b,6.171367197708985
798,52.368123398085814,b,6.194105096177408
799,53.20999141623788,b,5.948557717661559
800,55.72104828613365,b,6.505532120297082
801,52.851339430116205,b,6.750360578676289
802,54.39799151426447,b,5.879193994473952
803,51.97308367969823,b,6.157897520133902
804,53.61155893224089,b,6.768911177372862
805,53.4143615144283,b,6.177790748664837
806,52.33940516790022,b,6.427511701570181
807,49.551746454837534,b,6.78403155532466
808,47.721306620908514,b,6.259665575325389
809,52.85781344141403,b,6.331449267108768
810,49.04619820818856,b,6.801432364869973
811,49.14355923459959,b,6.331672603144744
812,54.84332056126332,b,6.586681249949223
813,51.15981182200275,b,6.463370159413236
814,51.269533469155384,b,6.185144556870786
815,49.071747667760434,b,6.521316074727437
816,52.01934640619428,b,6.301863588723268
817,49.47623160562261,b,6.5756668045917515
818,57.23115093785276,b,6.380586153816631
819,53.21170132797188,b,6.5174744661396
820,52.474826495818526,b,6.154230608425363
821,54.519582119513935,b,6.1422586080858705
822,52.31233994953856,b,6.3889236545380905
823,52.28927863564343,b,6.509489754566546
824,47.72821501622269,b,6.580809552949513
825,54.760004519429856,b,6.313658846326012
826,48.7085699811013,b,6.076099992320787
827,51.298749569476165,b,6.77586508301841
828,51.4037599522726,b,6.651474546431744
829,51.18329653474527,b,6.1390793707512135
830,52.68253113669787,b,6.442630299947646
831,49.68266850021279,b,6.945907123251782
832,55.209296133057066,b,6.270414116983817
833,52.353653165214574,b,6.714270543346728
834,53.80849090128265,b,6.42605357681873
835,50.71163161500236,b,6.366720357501813
836,52.81678476309005,b,6.064728482082626
837,50.87616671831146,b,6.010746666201516
838,50.64740626356683,b,6.592842798140597
839,52.28885834547435,b,6.1192303933918515
840,53.24974511880561,b,5.8381386728386335
841,49.94673789586176,b,6.376033068269399
842,53.435009142449616,b,6.9304487739007845
843,50.56879860638735,b,5.995301181974903
844,51.5002154926038,b,6.471696666623362
845,53.93638721636012,b,6.160907331380085
846,56.0967544969904,b,6.442851202146603
847,50.901552949595505,b,6.333637812249319
848,52.25019345794327,b,5.7970567225302565
849,51.527670975940346,b,6.276555815223513
850,51.91354320698483,b,6.582173903686357
851,53.68203605041144,b,6.6473068541612506
852,53.87097155490367,b,5.757852210333662
853,51.86531644046372,b,6.6166833253133985
854,54.68116675858736,b,5.523816834572686
855,50.10024211590968,b,6.279237385530922
856,51.37670114855203,b,6.5287506553262356
857,51.7340464625299,b,6.767508786908557
858,53.44013480687944,b,6.1161686255921195
859,51.76929379293704,b,6.174079736616566
860,53.04976688220759,b,6.204298068036917
861,53.23182053189249,b,6.078958529561446
862,53.79847256862865,b,6.965069380154074
863,52.927648622396006,b,6.261592631914554
864,53.773286931705904,b,6.508314509318794
865,50.484357751015416,b,5.5731635562536415
866,51.4174066687966,b,6.525218466313902
867,52.79892227360562,b,6.194402732314497
868,51.11736672154715,b,5.935868064598674
869,56.139921082006886,b,6.420624859098726
870,53.0116256589107,b,6.152279200321127
871,51.503992703789756,b,6.725866119420685
872,50.10610246237789,b,6.3648149054147645
873,51.27767854459057,b,5.847980734107407
874,50.4714319825065,b,6.225872937566111
875,51.17587962393806,b,6.0764662276728165
876,52.57672120130469,b,6.568830948233715
877,50.49837911501102,b,6.215716137098643
878,51.49106384274999,b,6.317398824246713
879,48.99562039324338,b,6.457407044418843
880,51.67337928839165,b,6.540655226930733
881,53.17712338796417,b,6.240210828087612
882,52.73835518670604,b,6.418508162175281
883,51.638387630784706,b,6.173266043812444
884,53.534636870288075,b,6.227723030774509
885,52.464873820833624,b,6.275250287586611
886,51.38921520813027,b,6.223288059927294
887,54.720856351509475,b,6.070928161731785
888,50.4411862702472,b,6.217875303041788
889,49.60912792330673,b,6.764178930908267
890,53.203909367585744,b,6.795217537130799
891,55.22664966804531,b,5.888217998587869
892,56.208903120341425,b,6.067665362176073
893,50.17708440269937,b,5.847265216756974
894,51.978292297795036,b,6.482296159861132
895,54.006447241232955,b,5.636980685895832
896,48.664465558888445,b,6.59383408009884
897,53.85341631300041,b,6.093558182729367
898,52.63322766668446,b,6.574072460595443
899,52.72614688303814,b,6.030950326751782
900,50.302029483174074,b,6.403435778153037
901,51.90819928831436,b,5.932707506048749
902,53.399614059025204,b,6.2201885383602855
903,53.34186140950679,b,6.702333697426372
904,53.49543452634906,b,6.155324586304995
905,49.468827652748466,b,5.906933337552768
906,54.91546204585108,b,6.155133652153068
907,52.17135950869964,b,6.1075735174879755
908,53.175215503763276,b,6.4472887707522455
909,51.30741402923465,b,6.408236582629218
910,50.409464478364946,b,6.259087152663927
911,49.997805659426895,b,6.051326474448249
912,51.41367912389395,b,7.002003915404202
913,53.62039933564695,b,5.922222827571646
914,55.68913453342495,b,6.529951532849687
915,48.6803396483688,b,6.151237701791943
916,51.360881653501764,b,6.125017744939724
917,49.53165468342411,b,6.178316750242071
918,49.861432042567834,b,6.406424444042206
919,52.50937604430566,b,6.864890900016544
920,50.07111290777735,b,6.773346278960694
921,50.51025884695344,b,6.252961942298769
922,54.62712856853693,b,6.32427527010667
923,52.218585378711225,b,5.9223261486058
924,52.31265314004304,b,6.212449514543936
925,50.87813195460399,b,6.37989161763276
926,54.75506123797644,b,6.482794087373053
927,50.52182497935721,b,6.095022936303776
928,52.862676431005966,b,6.514294668158106
929,53.851919330747414,b,7.1516341160912935
930,50.0299012564711,b,5.990128314340278
931,50.38403319433514,b,6.180140061650763
932,51.356725160907665,b,6.336218690113223
933,52.49268468714266,b,5.932967530923802
934,52.37770560854281,b,6.300371024252681
935,50.946494908936884,b,6.814324299556391
936,54.53121888048489,b,6.515493615316039
937,50.30259757939108,b,6.518250114962559
938,51.53764874579916,b,6.2987847126845615
939,52.411190869315,b,6.100522709812532
940,48.94065814436483,b,5.811340573070164
941,55.77593233773203,b,6.306864312253792
942,50.651821681363366,b,6.514747892085673
943,50.55815814912564,b,6.124159897024007
944,49.25047120117823,b,6.462801138167922
945,50.65210244068652,b,6.546339501033478
946,52.82699767535739,b,6.75975111747785
947,57.492139150762476,b,6.660817208501317
948,50.093286132995424,b,6.485940158292382
949,50.5742425253575,b,6.970228599168543
950,50.70874883133136,b,5.953486391687039
951,53.3139667132237,b,6.5606351096071736
952,52.665646848823116,b,6.166740424938142
953,53.648999002416446,b,6.911418687729009
954,47.04363392269437,b,6.729655390473352
955,51.886980035087326,b,6.89943242917977
956,51.44454103033879,b,6.610628547852704
957,54.08392730953036,b,6.3317843782192895
958,49.001849532808315,b,6.72877728923912
959,51.78710639070274,b,6.055417410577208
960,53.2071318894334,b,5.632785292696252
961,49.5983477250987,b,6.198821009762612
962,52.69523067601446,b,6.284838118488971
963,53.67950281299775,b,6.283679259065913
964,50.15746843339955,b,6.389378364300659
965,52.13351842820727,b,6.6960735156878295
966,51.7411031873118,b,5.823465511408669
967,52.87605592487295,b,5.815785811453312
968,50.1039463668025,b,6.381059428893413
969,52.78210279535973,b,6.2317014254978655
970,51.78447124974876,b,6.506418005957459
971,52.5247217741283,b,5.909053743850078
972,52.40989057767542,b,6.9374329549145335
973,53.762768954764425,b,5.8371844682585525
974,51.2029980166694,b,5.877963978259888
975,51.47404949956693,b,6.481911524166454
976,54.13716157980879,b,7.030664834453655
977,50.72431481168571,b,6.017000419031933
978,49.03229630313128,b,6.432090591585305
979,51.64827770250135,b,6.733449247507514
980,54.05463511399523,b,6.237196959190577
981,48.55639872205502,b,6.214363322126454
982,50.35426059984232,b,6.06213172402295
983,50.23304474206785,b,6.466007975507558
984,54.57408419632236,b,6.16401678772171
985,49.37543669874032,b,6.624040281836575
986,50.85675946501195,b,6.4352575827177185
987,54.36804262575959,b,5.764443820060398
988,48.62759515230578,b,6.776706260006795
989,49.22479000054955,b,6.063995411867879
990,50.57120009165525,b,6.1486514850120555
991,56.95373272100277,b,5.953191675446744
992,50.78638216841924,b,6.21913980922018
993,51.483004365831256,b,5.906843001494641
994,49.49058079537703,b,6.338160367206539
995,52.79532604457239,b,6.775950296877679
996,51.68052570673945,b,6.360114857140906
997,55.3742662255248,b,6.87777980606182
998,51.26137256231971,b,6.198501060282881
999,53.574167639631426,b,6.578557625581089
1000,50.149693522985096,b,6.480094998640538
